{
    "PhaseEncodingDirection": "j",
    "EffectiveEchoSpacing": 0.0006621159151938905,
    "TotalReadoutTime": 0.025822520692561732
}
