{
    "PhaseEncodingDirection": "j",
    "EffectiveEchoSpacing": 0.0006333282667071997,
    "TotalReadoutTime": 0.024699802401580786
}
